recording_id,folder_path,quality_mixed,source,rating
2,"Bill Evans Trio/Bill Evans 1979-10-30 Lulu White's.Boston,MA.fm.flac16",A,FM,
3,"Bill Evans/Bill Evans - 1980-02-22 - Sprague Memorial Hall - New Haven, CT (AUD)",B+,AUD,
4,"Talking Heads/Talking Heads - 1978-10-19 - Lydia Mendelssohn Theatre - Ann Arbor, MI (SBD)",A,SBD,
6,"Stan Getz Sextet/Stan Getz Sextet - 1978-04-27 - Kursaal - Bern, Switzerland (FM)",A+,FM,
7,"The Meters/The Meters - 1992-04-11 - The Muse - York, NY (SBD)",A,SBD,
8,"Sonny Rollins Sextet/Sonny Rollins Sextet - 1985-01-11 - Kosei Nenkin Kaikan - Osaka, Japan (FM)",A-,FM,
9,"Sonny Rollins & Don Cherry Quartet/Sonny Rollins & Don Cherry Quartet - 1963-01-19 - L'Olympia - Paris, France (AUD)",A+,AUD,
10,"Bill Evans Trio/Bill Evans Trio - 1976-11-05 - Studio 104, Maison de la Radio - Paris, France (FM)",A,FM,
12,"D'Angelo & the Soultronics/D'Angelo & the Soultronics - 2000-07-16 - Congresgebouw - The Hague, Netherlands (FM)",A+,FM,99
13,"Khruangbin/Khruangbin - 2019-06-19 - Capitol Theatre - Port Chester, NY (SBD)",A+,SBD,
14,"D'Angelo & the Soultronics/D'Angelo & the Soultronics - 2000-07-08 - Cirkus - Stockholm, Sweden (FM)",A+,FM,97
16,"A Tribe Called Quest/A Tribe Called Quest - 1998-11-20 - House of Blues - Chicago, IL",B,SBD,
17,"Aerosmith/Aerosmith - 1975-08-29 - Schaeffer Music Festival - Central Park - New York, NY (FM)",A,FM,85
37,"D'Angelo/D'Angelo - 2015-06-21 - Forest Hills Stadium - Forest Hills, NY (AUD)",C,AUD,70
38,"Allman Brothers Band/Allman Brothers Band - 1973-12-31 - Cow Palace - San Francisco, CA (SBD A)",A,SBD,91
39,"Al Green/Al Green - 2003-08-30 - Labor Day Blues Festival - Bedford, TX (AUD)",B,AUD,
40,"Allman Brothers Band/Allman Brothers Band - 1970-05-09 - Georgia Tech Coliseum - Atlanta, GA",C,,
41,"Allman Brothers Band/Allman Brothers Band - 1971-08-26 - A&R Studios - York, NY (FM)",A,FM,
42,"Allman Brothers Band/Allman Brothers Band - 1972-04-16 - Academy of Music - York, NY (Reel)",B-,Reel,
43,"Allman Brothers Band/Allman Brothers Band - 2001-08-03 - Alltel Pavilion - Raleigh, NC (AUD)",A-,AUD,
48,"Bonnie Raitt/Bonnie Raitt - 1988-03-05 - Rockefeller's - Houston, TX (SBD)",A+,SBD,
49,"Brian Wilson/Brian Wilson - 2000-07-22 - Chicago Theater - Chicago, IL (AUD A)",A,AUD,
52,"Bruce Hornsby/Bruce Hornsby - 1996-04-10 - EMU Ballroom - Eugene, OR (SBD)",A,SBD,
53,"Cream/Cream - 2005-10-25 - Madison Square Garden - York, NY (AUD)",B+,AUD,
60,Allman Brothers Band/Allman Brothers Band - 1973-06-09 - RFK Stadium - Unknown Location (SBD),A-,SBD,
61,"Bob Marley & The Wailers/Bob Marley & The Wailers - 1975-07-07 - The Boarding House - San Francisco, CA (SBD A+)",A+,SBD,95
65,"Allman Brothers Band/Allman Brothers Band - 1973-07-28 - Watkins Glen Grand Prix Raceway (Race Course) - Watkins Glen, NY (SBD)",C,SBD,
66,"Bela Fleck and Jerry Douglas/Bela Fleck and Jerry Douglas - 1998-01-16 - Arts & Science Center of Catawba Valley - Hickory, NC (MTX - Baker)",A+,MTX,92
67,"Bela Fleck and Jerry Douglas/Bela Fleck and Jerry Douglas - 1998-01-16 - Arts & Science Center of Catawba Valley - Hickory, NC (SBD)",A+,SBD,
68,"Bela Fleck and Jerry Douglas/Bela Fleck and Jerry Douglas - 1998-01-15 - Bill and Claire's Living Room - Hickory, NC (SBD)",A,SBD,
69,"Bela Fleck & Sandip Burman/Bela Fleck & Sandip Burman - 1999-05-12 - Arts & Science Center of Catawba Valley - Hickory, NC (AUD)",A-,AUD,
70,"Bela Fleck & Sandip Burman/Bela Fleck & Sandip Burman - 1999-06-20 - KOTO Radio - Telluride, CO (FM)",A,FM,
71,"Olivia Dean/Olivia Dean - 2026-05-20 - Hallenstadion - Zürich, Switzerland (AUD - Neumann KM140)",A-,AUD,
72,"Khruangbin/Khruangbin - 2017-02-22 - Brooklyn Bowl - Brooklyn, NY (MTX)",A+,MTX,99
73,"Pat Metheny Group/Pat Metheny Group - 2010-07-24 - Jardins de Cimiez - Nice, France (AUD)",B+,AUD,
74,Pat Metheny - Side-Eye III+/Pat Metheny - Side-Eye III+ - 2026-06-07 - Musik- und Kongresshalle - Germany (AUD),B+,AUD,
76,"Bill Evans Trio/Bill Evans Trio - 1979-12-12 - Balboa Jazz Club - Madrid, Spain (SBD)",A-,SBD,
77,"Bela Fleck & Sandip Burman/Bela Fleck & Sandip Burman - 2000-05-12 - Van Dyck - Schenectady, NY (AUD)",A,AUD,
78,"Bela Fleck & Sandip Burman/Bela Fleck & Sandip Burman - 2000-05-13 - Barre Opera House - Barre, VT (AUD)",A-,AUD,
79,"Bela Fleck and Jerry Douglas/Bela Fleck and Jerry Douglas - 1998-01-17 - Catawba Valley Arts and Science Center - Hickory, NC (SBD)",A+,SBD,
80,"Bill Evans Trio + Friends/Bill Evans Trio + Friends - 1978-07-06 - Arènes et Jardins de Cimiez - Nice, France (AUD)",A,AUD,
81,"Bill Keith and Jim Rooney/Bill Keith and Jim Rooney - 1962-07-12 - WHRB Radi - Cambridge, MA (SBD)",A-,SBD,
82,"Crosby, Stills, Nash & Young/Crosby, Stills, Nash & Young - 1974-07-13 - Oakland Alameda County Coliseum - Oakland, CA (AUD)",B,AUD,
83,"Crosby, Stills, Nash & Young/Crosby, Stills, Nash & Young - 1970-06-04 - Fillmore East - New York, NY (SBD)",A,SBD,
85,"Brian Wilson/Brian Wilson - 1998-07 - BBC Radio 2 - London, UK (FM)",A,FM,
87,"Bill Evans Trio/Bill Evans Trio - 1974-07-03 - Camp Fortune - Gatineau, QC (FM)",A-,FM,
89,"Bill Evans Trio/Bill Evans Trio - 1979-11-30 - Teatro Politeama - Casale Monferrato, Italy (SBD)",B+,SBD,
90,"Bill Evans Trio/Bill Evans Trio - 1975-02-06 - Radio Suisse - Epalinges, Switzerland (FM)",A+,FM,
91,"Bill Evans Trio/Bill Evans Trio - 1980-08-09 - Molde Jazz Festival - Molde, Norway",A-,AUD,
94,"Al Di Meola, John McLaughlin and Paco de Lucía/Al Di Meola, John McLaughlin and Paco de Lucía - 1996-10-23 - Royal Festival Hall - London, UK (AUD)",B+,AUD,
95,"Al Di Meola, John McLaughlin and Paco de Lucía/Al Di Meola, John McLaughlin and Paco de Lucía - 1983-06-18 - Hammersmith Odeon - London, UK (SBD)",A,SBD,
96,"Al Di Meola, John Mclaughlin and Paco De Lucía/Al Di Meola, John Mclaughlin and Paco De Lucía - 1996-11-12 - Unknown Venue - Denver, CO (AUD)",A,AUD,
97,"Al Di Meola, John McLaughlin and Paco de Lucía/Al Di Meola, John McLaughlin and Paco de Lucía - 1996-11-24 - Symphony Hall - Boston, MA (AUD)",A-,AUD,
98,"Al Di Meola, John McLaughlin and Paco de Lucía/Al Di Meola, John McLaughlin and Paco de Lucía - 1981-04-20 - Bushnell Auditorium - Hartford, CT (AUD)",A,AUD,
99,"Al Di Meola, John McLaughlin and Paco de Lucía/Al Di Meola, John McLaughlin and Paco de Lucía - 1996-11-06 - Plummer Hall - Fullerton, CA",A-,AUD,
103,"Ahmad Jamal/Ahmad Jamal - 1971-06-25 - Studio 104 de la Maison de la Radio - Paris, France",A,Other,
106,"Ahmad Jamal/Ahmad Jamal - 2017-11-14 - Palais des Congrès - Paris, France (FM)",A+,FM,
108,"Fela Kuti/Fela Kuti - 1986-11-06 - The Opera House - Boston, MA (AUD)",A-,AUD,
109,"Fela Kuti/Fela Kuti - 1989-07-15 - City Broiler - Santa Barbara, CA (AUD)",A,AUD,
110,"Fela Kuti/Fela Kuti - 1990-07-25 - Santa Cruz Civic Center - Santa Cruz, CA (AUD)",B,AUD,
116,"Fela Kuti/Fela Kuti - 1991-07-26 - Zellerbach Hall - Berkeley, CA (AUD)",B,AUD,
117,"Ali Farka Touré/Ali Farka Touré - 1990-10-15 - Ali Farka Touré’s Home - Dofana, Mali (AUD)",A-,AUD,
118,"Fela Kuti/Fela Kuti - 1989-09-26 - Chestnut Cabaret - Philadelphia, PA (AUD)",B+,AUD,
122,"Esbjörn Svensson Trio/Esbjörn Svensson Trio - 2003-07-05 - Jazz Baltica - Bad Salzau, Germany (FM A-)",A-,FM,
134,"Esbjörn Svensson Trio/Esbjörn Svensson Trio - 2003-07-05 - Jazz Baltica - Bad Salzau, Germany (FM A)",A,FM,
144,"Esbjörn Svensson Trio/Esbjörn Svensson Trio - 2007-11-13 - Millenaris Park - Budapest, Hungary (AUD)",A+,AUD,
145,"Esbjörn Svensson Trio/Esbjörn Svensson Trio - 2008-05-25 - Teatro Miela - Trieste, Italy (SBD)",A-,SBD,
166,"Esbjörn Svensson Trio/Esbjörn Svensson Trio - 2007-12-01 - Gamla Teatern - Ostersund, Sweden (FM)",A+,FM Peterw,
167,"Esbjörn Svensson Trio/Esbjörn Svensson Trio - 1999-09-02 - Studion, Folkets Hus - Umea, Sweden (FM)",A+,FM,
170,"Kraftwerk/Kraftwerk - 1981-07-03 - Hammersmith Odeon - London, UK (AUD)",A-,AUD,
171,"Kraftwerk/Kraftwerk - 1981-06-07 - L'Olympia - Paris, France",A-,,
172,"Marvin Gaye/Marvin Gaye - 1979-11-13 - Nippon Budokan - Tokyo, Japan (SBD)",A+,FM,
176,"The Meters/The Meters - 1975-06-21 - The Boarding House - San Francisco, CA (SBD)",A,SBD,
177,"The Meters/The Meters - 1977-05-04 - The Bottom Line - New York, NY (SBD)",A,SBD,
179,"The Meters/The Meters - 1975-10-05 - Unknown Venue - Jackson, MS (SBD)",A,SBD,
181,"Chris Thile/Chris Thile - 2001-06-24 - Telluride Bluegrass Festival - Telluride, CO (AUD)",A-,AUD,
182,"Bruce Hornsby and Bela Fleck/Bruce Hornsby and Bela Fleck - 1996-04-24 - Miller Auditorium - Kalamazoo, MI (MTX)",A,MTX,
183,"Chris Thile & Friends/Chris Thile & Friends - 2000-10-21 - The Brown Room At The Galt House - Louisville, KY (SBD)",A,SBD,
185,"Bruce Hornsby/Bruce Hornsby - 1998-07-28 - Strand Theater - Eugene, OR (SBD)",A+,SBD,
189,"Ahmad Jamal Trio/Ahmad Jamal Trio - 1958-09-05 - Spotlite Club - Washington, DC (SBD)",A+,SBD,
190,"Ahmad Jamal Trio/Ahmad Jamal Trio - 1976-08-13 - Oil Can Harry's - Vancouver, BC (SBD)",A+,SBD,
196,"Acoustic All-Stars/Acoustic All-Stars - 1988-01-23 - The Birchmere - Alexandria, VA (AUD)",A,AUD,
209,"Chris Thile and David Grier/Chris Thile and David Grier - 2000-11-03 - Prism Coffeehouse - Charlottesville, VA (SBD)",A+,SBD,
241,"J.D. Crowe and the New South/J.D. Crowe and the New South - 1980 - Unknown Venue - Livonia, GA (SBD)",A+,SBD,
244,"J.D. Crowe and the New South/J.D. Crowe and the New South - 1975-07-21 - Paul's Saloon - San Francisco, CA (AUD)",B,AUD,
251,"Boone Creek/Boone Creek - 1977-09 - Camp Springs Bluegrass Festival - Reidsville, NC (SBD)",B,SBD,
252,"Boone Creek/Boone Creek - 1977-08-20 - Unknown Venue - Cement, OK (SBD)",A-,SBD,
270,"Bluegrass Sessions/Bluegrass Sessions - 1999-09-05 - Strawberry Music Festival - Yosemite, CA (FM)",A+,FM,
271,"Bluegrass Sessions/Bluegrass Sessions - 1999-10-09 - Carolina Theatre - Greensboro, NC (AUD)",A-,AUD,
273,"Bluegrass Sessions/Bluegrass Sessions - 2000-12-02 - Allen Theatre - Cleveland, OH (AUD)",A-,AUD,
291,"Bluegrass Album Band/Bluegrass Album Band - 1981-10-25 - Great American Music Hall - San Francisco, CA (SBD)",A+,SBD,
320,"Hank Williams/Hank Williams - 1949-10 - Health And Happiness Shows - Nashville, TN",A+,,
380,"Mike Marshall, Todd Phillips, Tony Rice, Darol Anger/Mike Marshall, Todd Phillips, Tony Rice, Darol Anger - 1999-11-05 - Arts & Science Center of Catawba Valley - Hickory, NC (AUD)",A+,AUD,
381,"Mike Marshall, Todd Phillips, Tony Rice, Darol Anger/Mike Marshall, Todd Phillips, Tony Rice, Darol Anger - 1999-11-06 - Arts & Science Center of Catawba Valley - Hickory, NC (AUD)",A+,AUD,
387,"Tony Rice Unit/Tony Rice Unit - 1994-12-10 - The Station Inn - Nashville, TN (SBD)",A+,SBD,
433,"Joni Mitchell/Joni Mitchell - 1967-10-12 - The Second Fret - Philadelphia, PA (FM)",A-,FM,
434,"Superpickers/Superpickers - 1989-04-11 - The Birchmere - Alexandria, VA (AUD)",A-,AUD,
437,"Joni Mitchell/Joni Mitchell - 1968-01-04 - Club 47 - Cambridge, MA (AUD)",A-,AUD,
447,"Joni Mitchell/Joni Mitchell - 1979-09-07 - San Francisco Civic Auditorium - San Francisco, CA (AUD)",B,AUD,
455,"Joni Mitchell/Joni Mitchell - 1967-09 - The Couriers Folk Club - Leicester, UK (AUD)",B,AUD,
489,"Seldom Scene/Seldom Scene - 1974-03-09 - Lisner Auditorium - Washington, DC (FM)",A+,FM,
523,"Kentucky Colonels/Kentucky Colonels - 1965 - The Cobblestone - North Hollywood, CA (SBD)",A+,SBD,
525,"Seldom Scene/Seldom Scene - 1973-03-01 - Lisner Auditorium - Washington, DC (FM)",A+,SBD,
538,"Leo Kottke/Leo Kottke - 1975-07 - VRPO Radio - Hilversum, Netherlands (Radio)",A,Radio,
541,"Dire Straits/Dire Straits - 1979-04-01 - The Boarding House - San Francisco, CA (SBD)",A,SBD,
544,"Fleetwood Mac/Fleetwood Mac - 1977-08-30 - The Forum - Inglewood, CA (AUD)",A-,AUD,
545,"Outkast/Outkast - 2000-10-16 - The House of Blues - Los Angeles, CA (MTX)",A,MTX,
546,"Outkast/Outkast - 2001-07-31 - Shoreline Ampitheatre - Mountain View, CA (AUD)",B+,AUD,
547,"Danny Gatton & Funhouse/Danny Gatton & Funhouse - 1988-06-10 - The Birchmere - Alexandria, VA (SBD)",A,SBD,
548,"Bobby McFerrin/Bobby McFerrin - 1985-07-02 - Lugano Estival Jazz - Lugano, Switzerland (SBD)",A+,SBD,
